index,train_loss,train_acc,train_precision,train_recall,train_f1-score,val_loss,val_acc,val_precision,val_recall,val_f1-score
1,3.5505439233743754,19.017723083496094,2.690153155366927,2.3193283360874255,1.7232762441983955,3.250252657062639,23.094512939453125,4.992706575382922,3.732740756888271,2.5618294676035416
2,3.167996830792026,24.5474796295166,5.4123406193766925,5.006060448595162,4.334413863331978,3.1297500899167563,25.2032527923584,6.378426643274785,5.1569544135214125,3.8831695091111027
3,3.131300261383982,25.843442916870117,6.866957747711335,5.899222307941204,5.4039688369285335,3.150075906902794,25.450965881347656,9.797940125735563,5.392521444345736,4.727757486034753
4,3.0877591032616745,26.753223419189453,7.573078492505831,6.461966101022101,6.039514738167395,2.9926063144594672,29.223831176757812,10.035491597082066,7.884464798564051,6.538128096789179
5,2.991930845201332,29.051366806030273,8.949673813252478,7.693897000539762,7.2660563004394,2.967609591842667,30.74822235107422,9.763688238810813,7.544440966159611,6.575148805121591
6,2.9042803879666272,31.318708419799805,10.330798309469227,8.823439932064163,8.360706928453398,2.9295777630030626,30.735517501831055,9.735015124606644,9.460311410041438,8.14369515239767
7,2.836215859204192,32.99137878417969,11.171063929425937,9.838059831004552,9.407263262134267,2.7639351198828317,33.682674407958984,14.592892853360416,10.138267549806987,9.729468365685136
8,2.77301543304828,34.6758918762207,12.370403654701933,10.66209526366454,10.277471197688866,2.7292642343819624,35.899391174316406,16.601273488635375,11.636280027215173,10.954463158462824
9,2.717360134283822,35.96001052856445,14.368269933436768,11.62927412859098,11.25927091935674,2.670085480542687,37.506351470947266,16.24350866911833,13.147525366135286,12.35614239708209
10,2.6738779957860235,37.53554153442383,17.404334679516538,12.50124686978832,12.23191835752731,2.619758043831926,38.66234588623047,16.301209427971184,12.906099693196449,12.148776982418246
11,2.637236910574901,38.18470764160156,16.19632642011442,12.96622258048959,12.748771815167961,2.59326318560577,40.05335235595703,18.580347226638903,13.39383054480309,13.166873806107027
12,2.593453617959966,39.26980972290039,19.41399981696486,13.75083239419761,13.60788933477115,2.502565388272448,41.984249114990234,20.055937926503727,14.442263412970116,14.15050067416289
13,2.554836523451527,40.39518737792969,17.512895155940715,14.517147054015563,14.364839791222698,2.517204744544456,40.625,18.395464432627755,14.696283301242252,13.441810059666546
14,2.517471271089029,41.930442810058594,22.24411279857859,15.408756569279833,15.458676070422321,2.4858913067879715,42.69562911987305,22.57633761623298,16.15160211679159,16.053802629178406
15,2.4917659776693406,42.278717041015625,22.43968519791301,15.626802696906,15.642583855391518,2.440588252331183,43.7309455871582,23.38762524640745,16.27343751062945,15.641413814346949
16,2.451828925604166,43.23588180541992,22.17883614092584,16.09148480740323,16.19369465550542,2.4369573169122867,42.96875,21.374422264692846,17.53687048200371,16.234206180762218
17,2.4201633461141694,44.17409133911133,22.95757988126428,17.037476157320494,17.22889678091031,2.379657907699182,44.53125,25.813628905319604,17.906565186730198,17.774917112347254
18,2.3862516857440768,44.989105224609375,24.598510539673253,17.705999498076736,17.996096929498727,2.3382766111110285,46.684452056884766,27.424830743670334,18.056736389426895,17.974060552144945
19,2.3570431169910444,45.83491516113281,27.299146824082463,18.29965005487852,18.68480042936942,2.3397045443213083,46.0746955871582,25.514133891164008,19.410237058687958,18.471346749807335
20,2.3220731094084153,47.13798522949219,26.09764777348827,19.440087984570532,20.023475560403178,2.2663137585651585,48.85035705566406,27.667083578089485,19.848760373780372,19.79271355028923
21,2.289406830203452,48.080936431884766,27.791729207705785,19.97300507331608,20.302618458024988,2.249584596573822,48.91387176513672,29.77385811634494,20.398013798366684,21.032841626249695
22,2.2621173042524396,48.789329528808594,28.473015530959145,20.6799505830033,21.223275580774267,2.2481911756643433,48.36763381958008,28.031273035935477,21.151305869886958,20.95665658597152
23,2.240465088989628,49.1707763671875,27.446889561600273,21.200090729459045,21.667013697580273,2.2077941763691786,50.07621765136719,28.906394572411276,20.756980813560794,21.05948057468745
24,2.206342586700983,50.37434005737305,31.60383880812374,22.24657295680388,22.999442979001287,2.206647681026924,49.98729705810547,33.27580807231207,22.673153509727808,22.80311550171859
25,2.187795114752196,50.94532012939453,30.030892710648427,22.660059913279596,23.314018951078467,2.1719319039001697,51.48628234863281,32.30672620496105,21.811405821665666,22.672639995597546
26,2.159298251034908,51.88352966308594,32.75170482707536,23.39212886097902,24.304832899094578,2.107882382423897,53.65853500366211,36.8835352067803,25.760289944616712,26.31044447428333
27,2.143267605772879,52.146514892578125,32.74400771291283,23.642333451950403,24.717969734950593,2.10521177184291,53.44893264770508,36.29928788389042,23.28144461887709,24.2144345409529
28,2.1214254726687556,52.83832550048828,35.95322577457554,24.612444963245682,25.877527512192334,2.1042038262859593,53.213924407958984,35.379642913318676,24.694222345032948,24.743256353466247
29,2.1072656098778633,53.18660354614258,33.8476376294787,24.752817526840463,25.883576640483167,2.075783456971006,54.17937088012695,37.65264956997236,25.691272811455505,26.20194782340249
30,2.088083037017782,53.77179718017578,37.67896700079385,25.181940568127605,26.558684644900953,2.0611160883331685,54.528709411621094,36.626877687880445,24.720607036441535,25.588887028857954
31,2.0649831621279944,54.35699462890625,34.65571509018914,25.501544484592245,26.685363870030113,2.050315702712633,54.63033676147461,40.99454091745823,25.479836929764456,25.96952861844004
32,2.0556876954931123,54.972991943359375,37.5140752723602,26.765415866345283,28.2087385682223,2.0158538015150445,55.602134704589844,38.047243406483865,25.932018423527786,26.592457474363805
33,2.044300678736157,55.179115295410156,37.923952636385124,26.33562524776014,27.7774424379758,2.0177852849407896,55.98323059082031,40.833584871040124,27.571381833120814,28.65790673013362
34,2.0189891270926,55.97517395019531,39.27622660957184,27.360361571044592,28.635085727355012,1.975083589917276,57.190040588378906,40.741923067617456,27.945792651005945,29.098001545625866
35,2.0067412247704772,56.06757354736328,38.40302065032802,28.12467213573904,29.714228058846487,1.9742371257000821,56.66920852661133,37.67793798659819,29.439211504722227,29.658183814746412
36,1.9967169178716155,56.53430938720703,40.07456106873949,28.41393647024535,29.97996650119165,1.9605380912137225,57.164634704589844,40.36172242547158,28.130173676920258,29.35698732335299
37,1.9806436337332909,56.671722412109375,39.05914924935829,28.587598795857765,30.060933409283358,1.9742198409588356,56.827999114990234,41.50257265553764,28.471902357506004,29.648843875920637
38,1.970454944183286,57.25218200683594,40.38413273190089,29.359520629229838,31.04693935830599,1.9313645173863667,58.51117706298828,42.52776976313264,30.366506752539483,31.28877001384412
39,1.959618246943956,57.503318786621094,41.27387226101464,29.86071609610927,31.777626538363013,1.9265693208066428,58.32698059082031,44.465265861672975,31.147182114495614,32.12222002570908
40,1.9473559583471616,57.70707321166992,39.85078782966013,29.580534824757372,31.303359221446485,1.9079986609579103,58.587398529052734,41.78159055061679,30.19963090175181,31.59710807246476
41,1.9332108311439844,58.06008529663086,41.91962413914854,29.566209973975045,31.43932710461777,1.89230075260488,59.311485290527344,43.30801011178141,30.812512800553723,31.7146641819084
42,1.9328578405076577,58.318328857421875,42.65118391815746,30.500264360704048,32.41184083243127,1.8825489390429442,60.1753044128418,44.78810485199056,32.17014545091221,33.46353154746354
43,1.9195281848300128,58.93195724487305,43.153505717359316,31.571149850693917,33.54626291703342,1.8651819392675306,60.06097412109375,40.31611639962513,32.61357876153536,33.33009729288424
44,1.905568282833779,58.796913146972656,41.97286542105905,30.80307455836135,32.53955817308967,1.8689144423337487,60.3531494140625,50.426417862877756,33.39662753620475,34.748995694199685
45,1.9032844842790744,59.02198791503906,41.910954912339115,30.964526762679068,32.97868984904191,1.8472592055312986,60.89303970336914,48.18311323337484,33.05721927640974,34.47808365029505
46,1.8856949715834843,59.43660354614258,43.26366234315871,31.967693444206386,34.070981194342416,1.8643390380027818,60.04827117919922,46.29691891775304,33.645070933524046,35.33584861652071
47,1.8848257735428076,59.7754020690918,46.06510588372769,32.570735860840074,34.82058966888617,1.8605425770932096,60.50558853149414,46.59412522622906,32.672000432522815,34.05227604807848
48,1.8750570970019036,59.98862838745117,47.64721711196099,33.33696970252685,35.76129860602031,1.8178573700228358,61.769561767578125,49.43908817220412,34.01805490658546,35.85042389933414
49,1.8633545510600786,60.614105224609375,45.0942334020111,33.51537849829309,35.72628169834064,1.823541717316077,61.20426940917969,43.99135078219245,33.8333422484472,35.43366646171876
50,1.8560600739884683,60.426937103271484,45.10906033971106,33.2339815121068,35.49761900919653,1.8131314947353145,61.85848617553711,48.27153059956372,35.1809430456225,37.165861022473614
51,1.8514308298601174,60.794166564941406,45.05464189223954,33.782147330531394,36.05277348420147,1.7940490933937756,62.169715881347656,50.310358158808704,35.49579687433536,37.3603776855429
52,1.8453415066478287,61.16139221191406,47.50490635021969,34.21750642484557,36.67122409248287,1.83534669960902,61.15980529785156,48.68344116403091,36.16982286132146,37.50553919982559
53,1.831833768830867,61.436222076416016,47.38063808024034,34.46725918796695,36.85444795039841,1.7902657916633093,62.45553970336914,48.654301242189455,34.96954750436835,36.08032256456197
54,1.8297154022221136,61.33908462524414,45.80427361385975,34.304038225716646,36.59364249436083,1.7976963663004277,62.60797882080078,50.02106686838238,35.273718672338134,37.10988831559246
55,1.8126098841225404,61.45280838012695,45.42445898674902,34.749541401818455,36.867106363501534,1.7859274480885607,62.5190544128418,49.76738300057853,35.900511773138184,38.07351786449679
56,1.8081335737634736,61.71815872192383,46.05423461721094,34.836401214134156,37.15806733862561,1.7674818664062313,63.14151382446289,49.35701339861657,35.90359354521095,37.701320638351504
57,1.8014409346866103,62.18963623046875,47.05214199512057,35.73176144741627,38.18026788131521,1.7590194168856474,63.00177764892578,46.84869029795255,36.65201043853112,38.049657899269185
58,1.7968347998981318,62.28914260864258,46.689540473738845,35.45489013743076,37.781450856512116,1.7489396393056806,64.20858764648438,48.86070810330614,37.862491320936904,39.397826837117066
59,1.7969711088971534,62.15646743774414,49.29161611835693,36.6228411308088,39.461325172895215,1.7528562374958179,63.94816970825195,49.32637200210072,38.65513084300715,40.276388194658836
60,1.7796931577686834,62.81037139892578,48.366116443360596,36.848163653566665,39.396431652212065,1.7537839295175988,63.22408676147461,48.88618798625083,36.98989818474004,38.73552107051466
61,1.7698562814034324,63.014122009277344,47.7343157039245,36.769247685704435,39.2844502768793,1.7493814269943935,63.95452117919922,49.94293084974239,37.69948002722971,39.50374106807249
62,1.7666049160859727,63.260520935058594,48.07565957176258,36.87288858831122,39.43381248046354,1.734152416267046,64.38643646240234,51.25149616583567,39.10298236181687,40.62797021625944
63,1.7619336435883401,63.11125946044922,48.01293053650124,37.322417942594434,39.98781881779044,1.7138816502278413,64.81834411621094,55.84224171312109,38.707067592703694,41.135671912034226
64,1.751694258728924,63.8338737487793,49.03473670739301,37.737280228612946,40.12677817082735,1.714915017408084,64.85645294189453,52.19032471170667,39.13278728289955,40.96087653939277
65,1.7414890685887658,63.96181106567383,50.49165145411787,38.16162972241418,40.847805204890534,1.7252915971647433,64.69766235351562,48.40502910898711,38.40161866380898,39.449069678914434
66,1.7441323362940455,63.805442810058594,48.72328618494705,37.84047194008004,40.3498085984098,1.6985252510483673,65.79014587402344,49.69482173082662,39.34076752353356,41.17539348459708
67,1.734376060772882,64.0873794555664,48.81653104098378,37.924802565787054,40.57504483703457,1.7052923448202086,65.16133117675781,52.353324361787784,39.9561409735611,42.19673710323837
68,1.734116670215916,64.02815246582031,49.656231762038686,38.57146659624049,41.33079680021186,1.6919131822944657,65.33917999267578,56.07760219828571,39.33563358581955,41.93385502943608
69,1.7231926511326372,64.66546630859375,50.83332357046638,38.68551375372363,41.345791743305924,1.6758952501828108,65.84095764160156,51.30774921058545,39.899150132588034,40.801709518847424
70,1.7179120656122666,64.66546630859375,50.16869750078947,39.10448388625256,41.618400125353126,1.6876770866111042,64.84375,52.179320174600434,39.94171621121406,41.88365845961367
71,1.7121157101196625,64.8526382446289,53.538720548463765,40.61629408731243,43.563479723942336,1.6736506237004831,65.99339294433594,56.200816347501885,40.87406728479446,42.95708985870922
72,1.7084032614363063,65.08008575439453,52.506183783784536,40.284001540987006,43.16780529584178,1.6682477225133074,66.3744888305664,55.05541835676117,42.05883520348657,44.060069214100636
73,1.6997147649413622,64.97820281982422,52.4988959706543,40.68777023674906,43.37715201919733,1.6673533884974998,65.91082000732422,57.88494450307041,40.62081176671262,43.57726461201868
74,1.6995245427051398,65.21986389160156,51.1979957057463,40.951249593464944,43.777678271297965,1.6869741572839458,65.4281005859375,55.99394203603469,41.03488831412076,42.73137211977731
75,1.700248432394408,64.99716186523438,52.60238693260673,40.399112805071944,43.31599079628523,1.660236800104622,66.15853881835938,55.82751702516674,42.05830380016955,43.82187936014102
76,1.6968793426163726,65.46389770507812,53.9287743440763,40.64707966753716,43.676266026885315,1.639201827165557,67.13033294677734,52.62132787931928,42.8529102609391,44.461643164440325
77,1.6867161494841443,65.65343475341797,50.86115024861999,40.48855719613083,43.19781579011481,1.638774351012416,66.93978881835938,57.419950648356775,42.95661335861426,45.35613629293294
78,1.6742735867973888,66.08937072753906,52.47921883952321,41.41187012043458,44.20424955712457,1.6384047496367276,67.2256088256836,54.93178612739889,43.596563741764086,45.79345723456473
79,1.6697528524955536,66.07278442382812,54.00903948915673,41.71361342006985,44.55976507306014,1.6342822083128177,67.5368423461914,57.99592855994074,42.2700882986318,45.50411000679203
80,1.6678623851272896,66.21493530273438,52.721253784439554,41.987777390548956,44.64564620383657,1.6232402783826114,67.69563293457031,56.90327349946741,44.92472735203645,46.65604993180878
81,1.6711388333807216,66.02539825439453,52.78745673075836,41.57919259789812,44.33976493565724,1.611068881745261,67.94334411621094,58.39021146155538,43.58654494532219,46.27695490697685
82,1.6591332804713852,66.4945068359375,52.92667166612802,41.90626732723105,44.73975556963091,1.6282526765897023,67.52413940429688,58.58695079299989,42.2026132413394,46.0610750965528
83,1.655792052859696,66.6153335571289,56.579320021773576,41.74618272806362,44.71743413112202,1.6284602594569446,67.52413940429688,56.19083056962897,43.50850651080583,45.21444269570834
84,1.6514694697030843,66.79776763916016,53.92342688902582,42.83609258075125,45.80230015569888,1.6200901289296343,67.3843994140625,57.36404231950345,42.20979734514101,45.131642771297486
85,1.6483808632959824,66.63665771484375,52.144884078480864,42.22724813412985,44.90411926184729,1.6097391861967925,67.85442352294922,56.16627057784863,44.40620267073212,46.791374809694325
86,1.6493180308764952,66.63665771484375,53.33153666431316,42.74513145093735,45.611075053886275,1.6075294555687323,67.99415588378906,59.10099614730567,42.93997125545904,46.10249717611179
87,1.638478533077457,67.02758026123047,55.7188349471921,43.73585184839563,46.64737763823718,1.6040653873507569,68.01321411132812,60.81685346057965,44.95005906748177,48.316887016840994
88,1.6333217136420655,67.20526885986328,54.36272325593333,43.35275625581812,46.148175981112054,1.5765012336698006,68.80716705322266,60.478973199605825,45.8398092238851,48.36835803081734
89,1.62687747436911,67.36164093017578,57.104369274370605,44.354829317483926,47.41716439457416,1.5924249481621797,68.45147705078125,58.47928740720776,44.14457654191793,47.08098956984898
90,1.6239851866824053,67.5440673828125,54.17882310599131,43.80263075063236,46.51461209154594,1.594988810337656,68.27997589111328,55.45719952429238,43.6208353618864,45.853988369093436
91,1.6233894004344578,67.39006805419922,58.090574857956845,44.08405198129664,47.17004232077539,1.6132812535132819,67.76549530029297,58.269421728731125,43.98917816896052,46.722694263275145
92,1.6144158937788262,67.70280456542969,54.778814210223686,44.12721534061564,46.98217505496117,1.5918381037266274,68.26727294921875,57.06999891678065,45.391158800356145,47.71338720932712
93,1.6126157371630896,67.7525634765625,56.93810371745023,43.72939031985694,46.67201762662227,1.5854185452548468,68.7182388305664,53.48070803921854,45.325395649000185,46.59186484084511
94,1.6016879568866385,68.20271301269531,54.499113526679096,44.067986102133425,46.76471777017009,1.574374502873033,68.73729705810547,62.119120550964396,46.12094242197377,49.16380460926469
95,1.6003982765914997,68.21692657470703,56.35936457236935,44.89045705045392,47.95153378315915,1.5815702532607365,69.01041412353516,58.62782595025627,44.14577784709182,46.47634636617161
96,1.5925797068141825,68.60073852539062,58.49631428950078,45.55487596989484,48.55703065249318,1.564054434498151,69.37881469726562,58.37255793714605,46.78059747645289,48.93035616146085
97,1.5940755044446921,68.5130844116211,55.96374826555212,45.07467773522489,47.92498930801743,1.5862441285838926,68.75,62.1793488617456,46.29095568884664,49.404791053171785
98,1.5903326060574916,68.5770492553711,56.340492164903594,44.89349017054865,47.81751376917965,1.5665095706538457,69.1056900024414,55.56242572291881,45.748425959504495,47.25061683951877
99,1.5912558425096421,68.7381591796875,56.844827270516966,45.723713324262896,48.499680327968456,1.5630294769033184,69.45503234863281,57.86372331502402,47.4212642072363,49.34094032155398
100,1.5729713816819904,69.26175689697266,59.618160474740314,46.09816064585043,49.21403408348867,1.5391254558311245,70.14735412597656,61.475147321866665,47.96862021869211,50.92061251047045
101,1.5651036794661028,69.19068145751953,57.83167948577921,46.396896667751236,49.287594868188805,1.5549685035536929,69.94410705566406,61.64512668126467,46.61539799145871,49.775343679345056
102,1.5694921173047984,69.21437072753906,57.318508817358804,46.653237797015706,49.43983920932974,1.5442389211034386,70.19181823730469,63.332639872403384,48.36000018659862,51.105448039808884
103,1.5701531508458755,69.04615783691406,57.75145362602259,46.11177425914282,49.02932390242628,1.5327905901079255,70.24263000488281,60.156290913907775,47.819629242170315,50.25621992312007
104,1.562626602976859,69.43707275390625,58.347455785197425,47.24182393594211,50.34837356635674,1.523253467509417,70.71900177001953,61.81896236397928,48.75952486383052,51.42050620281046
105,1.5550050586349047,69.6787338256836,59.67508012799749,47.09248039605008,49.867001476337705,1.529721190410901,70.2743911743164,63.95195581359378,47.64501818333293,50.5132274358132
106,1.5504681275051773,69.71427154541016,60.060119407765384,47.58428627045147,50.700221150727934,1.5117539986362303,70.80157470703125,63.78646229346315,48.397542979789456,51.31715149720489
107,1.5550468045712602,69.63845825195312,59.48753847639792,47.698471781570916,50.670979758792406,1.5219381400724736,70.59832000732422,62.35136697255274,47.236108397651144,50.33406606418401
108,1.5479716885894244,69.9488296508789,59.45744774546212,47.734509507607974,50.87061818402251,1.5373488902076473,70.67454528808594,64.67980551815911,49.2684868841165,52.281095256555716
109,1.5380118994029568,70.24497985839844,60.66865701949041,48.04539868384359,51.083827595532014,1.5023673318508195,71.39227294921875,62.80331181650541,50.70996601639339,53.2332325096229
110,1.5442217180817484,70.06729125976562,60.861593842020156,47.85730073846208,50.950761941909796,1.5192410650292063,70.76981353759766,62.57013955658713,48.427294912754185,51.61091161293452
111,1.5347313236521445,70.38713073730469,61.54188758857417,49.30069986546011,52.39179227824872,1.5171061095183458,70.706298828125,59.911376893336104,49.63212522358266,51.75635107431865
112,1.5280489518029658,70.69276428222656,62.43238579827493,48.93266170057619,52.1225096403272,1.4993136737162505,71.65269470214844,63.334062833999084,50.15590082357603,52.54343074495009
113,1.5295400061871267,70.51744079589844,60.0074124521272,48.94294790277255,51.819519005653426,1.5009939033326094,71.50660705566406,64.23065812918651,49.41678831599081,52.41305387702959
114,1.5196934826361401,70.63352966308594,59.627909944503784,48.71323416524361,51.84896923941376,1.4810300364000042,72.09730529785156,60.0641152736931,49.01821855478718,51.410535339961186
115,1.5167089906761915,70.92020416259766,62.92641839906388,49.5584809913445,52.782296685816256,1.4987939419300575,71.15726470947266,60.975130566467776,50.59595719534682,52.53780913995265
116,1.5168835330497505,70.96285247802734,61.062337387791,49.371296845404224,52.45610961595073,1.4902596433715123,71.93851470947266,64.77990447113777,49.05687022113999,52.11689775896351
117,1.5091515743343824,70.7733154296875,61.88163826121271,49.54626822763281,52.59846355102035,1.4771326135813705,72.09730529785156,64.61802995716411,51.118391112906195,54.02430777927316
118,1.5045654443378607,71.24005126953125,61.406737515768455,50.49602274139695,53.4319793988666,1.4695946394912596,72.54192352294922,65.53697887756839,51.95376378119172,55.2278440788556
119,1.502626156608113,71.46749877929688,63.230856291942146,50.493251920177684,53.6309978711548,1.4468156987331746,72.73246765136719,63.63040251981126,51.587292471684485,54.35885818287357
120,1.4919021341997716,71.6380844116211,63.22821141613571,50.875263194354325,53.91226019399909,1.481145855372514,71.97662353515625,66.85703331334976,51.12955613243578,54.319020325585065
121,1.5047542941760077,71.17845153808594,61.88928236674734,49.45572294185331,52.51769207765143,1.4720205578619872,72.56732940673828,63.75578713556355,51.05821418950013,54.322702445203376
122,1.487250580129703,71.86552429199219,64.42675622321138,51.55511254802523,54.73316625998679,1.462372036726494,72.41488647460938,65.72558135763731,52.10181158088096,55.11441615243586
123,1.4849457667125183,71.78260040283203,64.55365180102153,50.76240480164686,54.03712857357696,1.4703296896645692,72.44664764404297,62.727259761917374,52.03235362678489,54.54602082707912
124,1.4897272211751584,71.57411193847656,62.34022641810464,51.07387506518291,54.191321600994804,1.4864940826243502,71.62728881835938,65.18148068083522,51.3342687846359,54.079035409282696
125,1.4757334605774435,72.1474609375,63.04034439924866,51.34793202979771,54.48198083915857,1.4362868860485107,73.37398529052734,68.56813619171362,54.11390708565696,56.66489673434519
126,1.4766317643931275,72.17352294921875,64.35895578674909,51.4412863564053,54.65148947988027,1.426534460206342,73.73602294921875,67.91426675329032,52.855174275881765,56.20240014726564
127,1.4703383868711297,72.3512191772461,63.57330253962598,51.96558917687681,55.02693185165742,1.435759474954954,72.98653411865234,64.55609821430006,53.36066000797362,55.69041527143296
128,1.4662222604664823,72.588134765625,66.16973039698976,52.68722231876436,55.93925760864597,1.4365847019887552,73.10086059570312,66.97869867959339,52.95613456612686,55.601884118906064
129,1.4643441864357833,72.50048065185547,62.535663898322596,51.482065945045186,54.374130426223324,1.4233754071278302,73.75508117675781,66.41207916749677,54.17836030917091,56.74303478549909
130,1.4567219818334312,72.83927154541016,65.87278244987992,52.627526096229836,55.96817456532154,1.4368236423507939,73.64075469970703,66.54351846713118,53.619452110938916,56.188815126813566
131,1.4591564969459747,72.53128051757812,64.77973370327632,52.50058572587506,55.65853391893595,1.427953674662404,73.41209411621094,65.20551093430333,53.73569489855267,56.04722298956626
132,1.4480232345596962,73.17096710205078,66.10021929124215,52.91193105728082,56.310826223568746,1.4323340584107531,74.09806823730469,69.4416128471374,54.78859979791084,58.32333233077277
133,1.4550704238449108,72.86296844482422,64.15800194029138,52.41875988472723,55.732203061369056,1.4233452676515268,74.14253234863281,68.15674706706925,53.74891120579828,56.9348051208687
134,1.4469742596465769,73.38182830810547,66.56440104025116,53.7897262657921,57.24286970404751,1.428661092631216,73.9837417602539,70.957944251275,53.35126544305917,56.87277723569623
135,1.4436372587227115,73.32496643066406,66.45840814207021,53.88850283518514,57.22329418834683,1.4091268501630643,74.3775405883789,68.52642152652696,54.59107408124356,57.40464523486679
136,1.4352128011336194,73.49317932128906,65.80141151985822,54.15293269039218,57.20811829790859,1.4094606255128133,74.4474105834961,69.44344789696848,54.693777666669604,58.13964159972802
137,1.4384107879384889,73.35576629638672,67.13584910390325,53.86241326309136,57.244999744645725,1.4276477255956914,73.95833587646484,68.73916648225374,55.412073037814366,58.85193232242742
138,1.4360545432142817,73.54530334472656,66.67212908872786,54.12548677757757,57.5253143967332,1.414545561724562,73.93927764892578,68.21140422773352,55.62643476082472,58.241420260901094
139,1.429527046872053,73.82486724853516,65.151957947341,54.54353835918502,57.736010140299236,1.4083142502278816,74.21239471435547,71.0626527118889,56.23654624096038,59.37781368501053
140,1.4312924788339831,73.69930267333984,66.30245469421845,54.568923807682395,57.77773961367685,1.394347882004288,75.31758117675781,71.72433647477389,55.502006967408036,58.72349222130834
141,1.4245577995934389,73.7253646850586,67.24288962049015,54.87096417134323,58.11885097601786,1.3918011900855274,75.25406646728516,69.86809510636401,57.80527350055985,60.69103320656892
142,1.4116038647540325,74.46218872070312,67.9071909620135,55.804040805539415,59.06171631457973,1.3967076023904288,74.612548828125,68.57851759242672,57.10760981135212,59.98930813266785
143,1.4093037775468429,74.45034790039062,67.1782857063847,55.45056131954727,58.749385344870106,1.3920212724829109,74.8031005859375,69.5322073072469,55.85502363443438,59.60040315117815
144,1.416343730267835,74.12102508544922,67.01717939674931,55.41850391921817,58.5941687305514,1.39766689626182,74.70147705078125,68.17190115991954,55.04389884758552,57.70975042780578
145,1.4017960044630917,74.46929931640625,67.92451280150028,55.58513073657533,58.7613053687085,1.3873699055454596,75.08257293701172,67.85479308360084,56.54153787410295,59.01878336253184
146,1.4116500999278603,74.41717529296875,68.32330734621293,55.81692994346359,59.112907545209985,1.3852297804219935,75.10162353515625,69.74164530412227,56.08266655764155,59.24064015602176
147,1.4018657140157005,74.6043472290039,67.66839435197579,56.02492959710851,59.40841148612135,1.3731557390069573,75.30487823486328,68.6904087263257,56.973872599781664,59.855900157172854
148,1.3980644082281968,74.8839111328125,68.70419508201537,56.70299520616479,60.184915594704165,1.3715211713944024,75.2350082397461,69.39190220178372,56.60081880654581,59.565741647420246
149,1.4010149452431442,74.63040161132812,67.54451073942009,55.82898824743862,59.28667807069766,1.366495884409765,75.60340118408203,72.83302684521298,58.91369571531862,61.895932667575394
150,1.3921439842440306,74.78203582763672,66.76266150348165,56.235778735258776,59.37758249527324,1.3676087219056074,75.96544647216797,70.63789063719634,58.04621731174331,61.443969442383825
151,1.3920144699485668,74.97393798828125,67.3894488382267,56.05627351378673,59.315298475461404,1.3632590219499618,75.60340118408203,70.23238876441324,54.76393114885859,57.99598159198665
152,1.393988859029861,74.81283569335938,68.47041225927768,56.76888884311563,59.99827267540365,1.3513937510126006,76.25126647949219,69.7030310517642,57.399896833801,60.63149950697902
153,1.3775110122739953,75.3719711303711,69.67562621839552,56.95988686849152,60.41785498731694,1.355458560513287,76.3719482421875,69.87921358617758,59.55852359944484,61.36910045331989
154,1.38467209528033,74.9928970336914,68.31680710867288,56.80039049398836,60.02632140337019,1.3478050675334,76.42276763916016,70.37329480850589,58.28706789673338,60.90214682722745
155,1.3755551395857306,75.5923080444336,69.02044984971714,57.52301536533437,60.70683750106269,1.3561738665268672,76.08612823486328,72.90580275728593,57.52834305940956,61.04524350857331
156,1.3731077771642337,75.6539077758789,68.6133828031641,57.94266634574885,61.218238372537485,1.3405838475479344,77.02616882324219,71.00476702679762,60.320392714402864,63.40778050740232
157,1.3701425932229152,75.77947998046875,70.16062994888347,58.95592600852948,62.3240193687652,1.3328026084880518,77.17860412597656,73.6623670667938,61.536625715066066,64.2159793337624
158,1.3694586002347684,75.63021850585938,69.39399174800455,58.18120529716562,61.49338279071388,1.3252222942627543,77.10238647460938,72.74463714324652,59.74689715381529,63.057720365022476
159,1.3626727800734393,75.87187957763672,70.73425958331278,57.92519414907532,61.468853568545455,1.337687300351577,77.04522705078125,71.73772136058204,60.87697597854498,63.471331360287884
160,1.3584610755195936,75.94295501708984,68.71604939445953,58.19956938610763,61.314002415192476,1.3511938466046884,76.67682647705078,72.34691180995257,59.34513731268429,63.00848560786279
161,1.354379901748611,76.14433288574219,70.15646983569151,58.878831152986244,62.113120963225924,1.342757368475441,76.42276763916016,74.11380144020632,59.03823756969996,62.85757058419413
162,1.3540809754172087,76.39310455322266,70.9029694567917,59.587527763682665,62.99626438587749,1.321274645323676,77.22306823730469,74.33745739154642,61.58907530857964,65.11252913642149
163,1.3470568304445094,76.49261474609375,73.0777079038046,59.780005935364336,63.453070764642774,1.322768908690631,77.15955352783203,71.62612555780056,59.661309416092074,62.87985116444827
164,1.3459970441797269,76.35045623779297,70.07670798434853,59.03152406568108,62.38055171897494,1.3227021872270397,77.33104705810547,75.57502979285577,60.506669688033114,64.00224808732146
165,1.3438171654419975,76.54946899414062,71.87920864257283,59.73583814259799,63.35480005075788,1.3165018530638237,77.47713470458984,71.05591070337523,61.5714210975499,64.10875128301143
166,1.3401338708861656,76.79586791992188,70.73350128276418,59.88760292693135,63.25038025320335,1.3186147489198825,77.25482940673828,72.43441318888102,60.88340117495291,63.57658106732848
167,1.3335342327693451,77.01383972167969,71.48418223448057,60.513620528195894,63.86752524611133,1.314337631187788,77.44537353515625,74.43129466024281,61.1025738341322,64.24241490478705
168,1.3419121512867809,76.55421447753906,71.79841670521095,60.044763824265324,63.410346374852814,1.3063212456257363,77.80741882324219,73.24273141120979,61.544922419983685,64.51628280185463
169,1.3298895482857902,77.1228256225586,71.87429782945432,60.326510422931726,63.7869914915167,1.3024078726283903,77.9662094116211,73.74792259022071,60.936054131249634,64.76670662543452
170,1.3355195819201842,76.95697784423828,72.78222318751014,61.010867051390136,64.5123121397175,1.3095480088538272,77.47713470458984,71.85693547979041,62.41108610633083,64.89209829040419
171,1.325187805794332,77.10623931884766,72.5638154687489,60.96654415612738,64.4266122463396,1.3152904099807508,77.62957000732422,73.2682620079615,59.774331241692586,63.565085062885956
172,1.3222818873071418,77.3526382446289,72.7497325130104,61.92610692916478,65.19711250346855,1.2996733618703316,78.1567611694336,73.99655629256199,62.51098903285756,65.57340306766909
173,1.3143735227935507,77.42608642578125,72.0766697590485,61.31674125031552,64.64989944655362,1.3069833315969484,77.79471588134766,75.9388449829303,60.857435213696235,64.35749685743227
174,1.3173809823798266,77.41423797607422,72.6949440390226,61.48185087488486,65.00386851744541,1.3016400143382996,78.01067352294922,76.23869252859863,62.24747373198179,65.27966957813875
175,1.3115093175256858,77.71512603759766,73.5448356500592,61.58820587848643,64.9529460833179,1.2974552267450628,78.20757293701172,74.02977667260875,64.72494309096786,66.92750214338109
176,1.3124437409878862,77.52322387695312,73.13722896443052,61.43301961124272,65.02840780495391,1.288004923763314,78.64583587646484,76.86405691629771,64.39414933942592,68.03957271898723
177,1.30560864369195,77.85017395019531,72.27056698615435,61.749958625714385,65.04613259854223,1.2787201612945494,79.03963470458984,74.56247722399833,63.092568460308165,66.55184750809605
178,1.305922651444537,77.99232482910156,72.05489749464519,61.98075224890186,65.21400633579802,1.2883508068516971,78.39176940917969,71.87496045040338,62.778256607147426,65.1137811385993
179,1.300677057420602,78.20792388916016,73.14078961870689,62.365066214597654,65.86898842756192,1.2833793112417546,78.73475646972656,77.48463845673653,63.331550217345516,66.61675295104502
180,1.3043522763830682,77.79094696044922,72.31090546086574,62.26495677895585,65.55423053323995,1.2855095256392548,78.46163940429688,73.4326874345628,61.05633237359367,64.3352136689776
181,1.300853604616045,78.01602172851562,72.16664874316776,62.233192568550734,65.47444826430034,1.2976288246672327,77.81376647949219,74.5954959023753,62.255065407710326,65.43750690787054
182,1.2913740681734294,78.33349609375,74.50973667385497,62.97099659701545,66.63133277426127,1.2820319700531844,78.30919647216797,75.57848732544696,64.63102529661138,67.78097752630387
183,1.2911742381113238,78.41404724121094,73.95627003521648,63.31266363566471,66.8636305846979,1.2668827646146945,79.1349105834961,78.1876671154153,64.6400096074469,68.54728441979827
184,1.2893095430413188,78.44010925292969,74.05332423119053,63.16248012246519,66.63989211929649,1.277537536451487,79.19207000732422,75.46166232315139,64.21429369806293,67.41973216726512
185,1.2857991621926304,78.52777099609375,74.40052859354051,63.014074025532395,66.60990448196785,1.267029570249038,79.3318099975586,76.85464236913253,65.34156440895863,68.46529014164147
186,1.2770968512932037,78.60832214355469,73.84520915458081,63.98157519502354,67.1532204296049,1.270595485238525,78.99517059326172,75.60580535390328,65.32847927227566,68.24102468135443
187,1.2760905227577986,78.9992446899414,75.39140655124172,64.34783078030979,67.76236281233491,1.2734580822591859,79.07774353027344,75.35790925550043,64.57181673698474,67.85414735135491
188,1.2725088537597946,79.22669219970703,75.30556474329983,64.66856869161685,68.07600614728418,1.2568499476202135,79.34451293945312,75.49221418475588,65.38685530758836,68.36388045892888
189,1.2779687470428143,78.92816925048828,76.00479929686537,64.48154508363287,68.21575362055256,1.2559583380939514,79.5287094116211,74.17968905232675,64.28560647625768,67.37807806881094
190,1.2768986628216445,78.92105865478516,74.2810830239226,63.898873256080535,67.37500696940842,1.2537944539775694,79.6557388305664,75.95741848002423,65.69935943837517,68.7898610325668
191,1.2640275920856352,79.1579818725586,74.12340737971216,64.23670006172297,67.4583639610691,1.240370328954565,80.20833587646484,77.24119753973888,67.50035481122579,70.72321231038613
192,1.2742582942790566,79.0418930053711,74.99219505894683,64.5606295899084,68.00671875735237,1.237485502066651,80.25914764404297,77.75150582584116,66.63568232446276,69.98554666372546
193,1.2621146168466586,79.64366912841797,75.70995280164422,65.4228643192618,68.89818621619908,1.2290172229210536,80.02413940429688,77.45729142145062,66.65125949925627,69.79134887144635
194,1.2616815557526855,79.31198120117188,75.21039375791516,63.92862274091052,67.61209966964017,1.24025549467017,80.30360412597656,77.41814153661126,67.59135575010852,70.35660537272766
195,1.2589028811165561,79.67446899414062,75.92118445524702,65.58013906809059,69.07006463136135,1.2491524826462677,80.04954528808594,76.90596227342024,67.0557672641914,70.1454996845486
196,1.2538916944463294,79.76924133300781,76.66906718164346,66.48549645754555,69.91855223370541,1.2333820744500896,80.30360412597656,75.9709837581175,68.12451263558302,70.2948631982558
197,1.2496363637662458,79.68869018554688,76.40817783671011,66.16099069128542,69.53322356002464,1.2346823090702537,80.30360412597656,77.64829605718532,66.1576964297045,69.61010493008637
198,1.2454228810598853,80.0369644165039,77.18334250389307,66.03117167186625,69.66130119810526,1.2140667347646341,80.96417999267578,78.53054577451839,67.99664207617153,71.57506102101631
199,1.2532104790617427,79.7123794555664,76.45676082220619,65.69606384419855,69.21317166015686,1.2237444992472486,80.51956176757812,77.93264783066878,67.54412018810696,70.58622849880908
200,1.2430165234707449,80.0914535522461,77.34852569350095,66.28938648010408,69.85558170933244,1.2354653499475339,80.29725646972656,78.48337743377664,67.07492639007353,70.21149835729678
201,1.2449092818445289,80.06065368652344,75.63131966364766,65.94557922430351,69.18054976341996,1.224498934619795,80.62118530273438,79.87466251611933,67.10572581243038,70.72488532048581
202,1.2404642111429036,80.23834991455078,75.84051133212927,66.17321378079683,69.37851482272725,1.2151272878414248,81.34527587890625,78.36889987440317,67.43369143454149,70.8547388970625
203,1.2388595326367973,79.96115112304688,76.67212568952478,66.72938089353609,70.16399243894008,1.2155681523850295,81.19283294677734,78.4569272751781,69.22296595004661,71.97336919941931
204,1.228303085275452,80.50370025634766,77.24898671894303,67.78596758231195,70.94666499462781,1.224229234868918,80.59577941894531,76.40787227789635,67.11811630397,70.02792461616652
205,1.2279976079462152,80.57240295410156,76.77480647911388,67.20909485161904,70.52440846156847,1.2094961937850084,81.30081176757812,78.41164981998458,68.41810848511417,71.73517411864641
206,1.232487956035128,80.44683837890625,76.61400956803337,67.20096596549755,70.43043873230162,1.217044885202152,81.07215118408203,77.33630246995315,68.46439287009959,71.45297052576208
207,1.2261448388663632,80.55582427978516,77.10571023784784,67.02737510289668,70.51065479007507,1.2297108980213725,80.60213470458984,78.9738190216402,66.82270550820319,70.216591497434
208,1.2242776642612112,80.66954803466797,77.7933370057429,67.67963259782901,71.08083990003004,1.2063832784571298,81.30716705322266,77.46628995562143,69.52002140180196,71.99351262009795
209,1.2209312904052791,80.7406234741211,76.94362789069234,67.42755125471011,70.8467028498827,1.2037168135487937,81.53582000732422,78.51908753660828,69.99954515491693,72.64766899903665
210,1.2112928867520845,80.88277435302734,77.42894261282278,68.14953505977553,71.52563963556892,1.2036740483064963,81.4468994140625,80.1694029492493,68.48603166027708,72.23855466468348
211,1.2144975431766178,81.36609649658203,78.96101862192214,69.13288088526744,72.50581657019869,1.2063597146330811,81.56122589111328,80.81871381276333,69.17227984562378,72.69941903783324
212,1.211563407968083,81.25711059570312,78.95463480828225,69.03057791476442,72.47319746281153,1.204406124183802,81.57393646240234,78.66245194700959,69.06117242786645,72.16522046305982
213,1.207381241063081,81.4537582397461,78.42471590521588,69.10483258200216,72.49378422907297,1.1994045354971072,81.54852294921875,77.6467818890847,68.39665313080346,71.14896542507162
214,1.2136303357232059,81.07231140136719,77.82062360771383,68.15961713127729,71.56772849003421,1.2125786452031717,81.07215118408203,79.23217619758967,68.30651334273868,71.53700523473177
215,1.2094624787230126,81.09363555908203,78.51155346913465,68.45293809847675,71.97917338542668,1.1949147101097959,81.65650177001953,76.94639087701364,69.29380099377856,71.64343379518192
216,1.2055377342919675,81.2334213256836,77.68349518990917,68.41786561128274,71.65422904110036,1.188836068157258,81.89151763916016,80.45495665055988,71.36468161749099,74.50154637406906
217,1.198065946823363,81.82572174072266,78.80859684350281,70.02937572592725,73.2443968947633,1.1956470960039434,81.71366882324219,79.24712618171691,69.24929789980735,72.24136435705287
218,1.1958566702523856,81.71910858154297,78.51788687950977,69.66692922975278,72.82218195677196,1.1804560667615596,82.41234588623047,81.40150703687036,70.52982541204167,73.55006406238434
219,1.1918001643087577,81.83045959472656,79.15180712150823,69.94884505002118,73.32158798012019,1.1933578789476458,81.75813293457031,77.66534532417862,70.359056062132,72.63425554161242
220,1.1912013824190308,81.97735595703125,79.55749307242112,69.78891721939912,73.17349243451099,1.1853345399949609,81.80894470214844,79.35432951684369,69.58531792858707,72.70935266130353
221,1.19214686514122,81.88258361816406,78.73254299925377,69.98229061626952,73.15723086825116,1.1712024537770729,82.59654235839844,81.80087859989808,70.92432145757675,74.51076530568173
222,1.1839785132108085,82.12898254394531,79.04496908236898,70.04745679761402,73.3115565687408,1.1603157643864794,83.13643646240234,81.04370548464804,69.48949065073373,73.15442563647798
223,1.1834591628928541,82.30667877197266,79.8479717083961,70.63296370786132,74.020282775996,1.179874117902624,82.1900405883789,79.33280371595657,71.51321753067006,73.96626696652177
224,1.1849298932228782,82.28535461425781,80.84506259624301,70.81619040711423,74.53715378222022,1.1776312102631825,82.08206176757812,79.37027446798405,70.07354645773842,73.00905125053264
225,1.1784447426593512,82.24981689453125,79.47079387135753,70.13933195205438,73.59219161125166,1.1734960140978419,82.3805923461914,80.17018846886883,71.73020735208603,74.65385044374133
226,1.1792984638275568,82.30430603027344,79.96005247652096,70.36804575683094,73.7997163606953,1.1707609392763154,82.7743911743164,79.90817932316449,71.61894302691262,74.49378584024828
227,1.1721161889523788,82.68575286865234,80.0167976177294,70.21910639279396,73.70116633467975,1.1637463626580509,83.15548706054688,81.72215252584066,71.44102705168642,74.85865772662876
228,1.171910345102459,82.4559326171875,80.92882060251092,71.19951237271951,74.70672659658875,1.1636859859392894,83.11102294921875,80.87030406780782,70.62841505526525,74.18350648239972
229,1.166275648387478,82.75682830810547,80.65449843749947,71.40652025343418,74.78396742115419,1.1510905144902748,83.70172882080078,81.48379965090284,71.1857271445379,74.81882408736116
230,1.1654258868837104,82.77104187011719,80.79755715506464,71.20604209776072,74.6871839817544,1.1600848804644452,82.87601470947266,80.50386028695715,71.26699267322105,74.52332485279902
231,1.160862100630479,83.10746765136719,80.76787902228646,71.61557021983218,74.9186128727034,1.1591666440169017,83.01575469970703,80.61077391986777,72.01585752750037,74.92965977725969
232,1.1571232210604687,83.07430267333984,80.73433059512102,71.87428949637585,75.18286807197991,1.1454149906228228,83.59375,81.4272814250957,71.73823339058002,74.72956499947988
233,1.167735702210615,82.93925476074219,80.6938094461234,71.72275552396023,75.02756181022602,1.15575288866109,83.34603881835938,81.13781273958077,72.8769212904461,75.88947378401024
234,1.1626034546205724,82.7757797241211,80.07753378417033,71.13464321269896,74.46510766442896,1.1507498339666584,83.58104705810547,81.03086841356027,73.58489942476882,75.95451662389652
235,1.1579704657931325,83.10272979736328,80.76259744225109,71.81303727139473,75.17337577251122,1.1454236060380936,83.46672058105469,82.01454139150366,73.2578461419097,76.27130735856548
236,1.153812046616795,83.2259292602539,80.86367864878774,71.27371416096413,74.84375658506698,1.1492995894779034,83.33968353271484,81.37219472447308,71.52950509316109,74.98999138974278
237,1.15671338218916,83.1572265625,80.60792060397158,71.61826290669669,74.81349793667233,1.1501196326036764,83.73348236083984,82.29862182923937,72.65518706337163,75.83405807111072
238,1.1479347609859059,83.39177703857422,81.57498984329334,72.44985267557233,75.70377105744076,1.135289887102639,83.6255111694336,81.62528072035074,73.7854184519949,76.2435279715645
239,1.1460067147192763,83.32781219482422,81.42884710237131,73.14875929084192,76.29287172458395,1.1441969079215353,83.33333587646484,80.94708057124969,71.87593185908409,74.92655784783096
240,1.1462672182879183,83.6547622680664,81.68903892284958,72.98078652877568,76.2430704289882,1.1249329183644396,84.22256469726562,82.84011706234111,74.16438749920621,77.36375622614011
241,1.1529659726928816,83.27095031738281,80.10747593986152,71.52611931341627,74.8286534833402,1.1389512864312505,83.89227294921875,81.05457104710047,73.70284179904246,76.34188394093954
242,1.1442883859266377,83.67134857177734,81.37614608194927,72.81264934957447,76.0637266145483,1.1334043840567272,83.7906494140625,82.91735380741112,74.29314266528573,77.39481730018828
243,1.139091201629306,83.77558898925781,81.95699401507756,73.1445028650736,76.47602459508617,1.13931333001067,83.70807647705078,81.42588921026443,73.97084991919061,76.39753391995792
244,1.1362926501320383,83.77322387695312,81.5871462294693,73.38958751127085,76.53922933712765,1.1354967497470903,83.84146118164062,80.48811393067759,73.5008585407799,75.8273742367899
245,1.1320785206768709,84.03620147705078,82.01707347506922,73.18668278661086,76.44121275406104,1.141727081886152,83.64456176757812,80.91495177664616,72.75213047718616,75.48987034741792
246,1.1402644789336394,83.76848602294922,82.02871202138633,72.67281666783983,76.12192482950216,1.1297930661982638,84.1781005859375,81.22310921730217,72.86578151218801,75.84507182955629
247,1.1363360486851215,83.97223663330078,82.48337591373722,73.87566564067818,77.1509998039357,1.1313100485055427,84.0193099975586,82.41938669694697,72.945035265127,76.18006273149554
248,1.1344287621875528,84.11202239990234,82.54541806594297,73.6499223176767,76.84264087131277,1.1246858469354428,84.50202941894531,83.89533926413242,74.39995146863403,77.88838465432713
249,1.1300889882650946,84.08832550048828,81.72613985083335,73.66191655218645,76.80043118259364,1.1216176541113272,84.43851470947266,82.54234967898053,73.54814708749728,76.63884570366373
250,1.1263721383729606,84.28260040283203,82.9001985556169,73.85986848940786,77.23747361940903,1.1172719945510228,84.81961059570312,83.58982697696966,74.91187559395927,77.94994530113856
251,1.1235799718933452,84.31340026855469,82.46700975821697,74.09915779419156,77.27724040485423,1.1248330419383399,84.22891235351562,82.66434230543385,74.52848060218973,77.4411476212049
252,1.1233347545436514,84.29208374023438,82.2491906176363,73.92121412218413,77.11765717985166,1.135358379018016,83.987548828125,81.27805289211588,72.85691642611052,75.78680345965877
253,1.1246486234339554,84.33946228027344,82.75077979094641,75.1211586271858,78.12788033387172,1.1178189623888914,84.25431823730469,82.4952636696779,73.38057092521669,76.37988881684501
254,1.1249466024627282,84.4745101928711,82.30599831506497,74.24291804230106,77.27000574721413,1.1211320869321746,84.68622589111328,83.90296568880133,74.74118924745586,77.90424691527477
255,1.1198819946664313,84.4318618774414,82.8201595162102,74.13456878538045,77.29318044920628,1.1290083802570172,84.50838470458984,81.66883914559479,74.9277523578818,77.33986657282306
256,1.1219612027407597,84.36078643798828,83.07970392330368,75.08657299135842,78.16456347552959,1.1153645270723638,84.43851470947266,82.12053785278954,74.18362950047484,76.9397486066148
257,1.113446671959123,84.81094360351562,83.62198022701804,75.513770386165,78.6283793299889,1.11029317575257,84.81961059570312,84.13846941653651,73.69777164772654,77.37250259714577
258,1.1165631892917913,84.60008239746094,83.38546783301732,74.95073594224344,78.1258347602037,1.1109047006300794,84.9974594116211,83.04413653047276,74.03732516001612,77.22467331424514
259,1.1069161856237735,84.9720458984375,83.44411485641295,74.92418740796839,78.19473607093936,1.115463741911136,84.62271118164062,82.30756137464711,75.49765319271414,77.81569432687068
260,1.1140986534119375,84.89385986328125,83.5564294041026,74.64573248733308,78.0523105955568,1.1119259521970903,84.87677764892578,83.0705367876601,75.90640116469456,78.60849145338227
261,1.1136499450819524,84.95545959472656,83.42613620283458,75.18114906262298,78.38453585394578,1.104549441516884,84.768798828125,83.77209114807037,75.55847131490842,78.54954465170877
262,1.108912932140706,84.88675689697266,83.65380440514564,75.50809287886791,78.7105564676713,1.112533696904415,84.85137176513672,83.07067815311237,75.23426649189787,78.0357156369215
263,1.1075678346191418,85.03838348388672,83.33054711503989,76.0597387521389,78.96789398575139,1.105540493276061,85.09908294677734,83.80603185740422,75.10871873539665,78.24943207331025
264,1.1080399018241385,84.96968078613281,83.3140626794285,75.02793749614167,78.2724744713074,1.1064124866956617,84.9656982421875,82.63427305973958,74.20022390651262,77.27051694553289
265,1.0990853044822235,85.50511932373047,84.31119969639926,75.9504125166469,79.19908028365307,1.1125400592156542,84.77515411376953,83.97084480446209,75.25303869877376,78.54426596240035
266,1.1083930884463213,84.9080810546875,83.82672611183573,75.70219615462273,78.8445611371992,1.117790838567222,84.48297882080078,81.8892405384828,73.9043951262819,76.81908489530079
267,1.1013891003274665,85.19949340820312,84.24064835946423,75.78027529232193,79.06366228813758,1.1139134952450187,84.8005599975586,82.78864243001809,75.34392319544365,77.90756535430369
268,1.0947921422957652,85.54065704345703,84.38307715718469,77.21626008042318,79.97822120825205,1.0937872433323201,85.72789764404297,84.47674794238569,77.04032848621222,79.74613172862276
269,1.1039395853368688,84.96493530273438,83.3509790742097,75.096873292614,78.26950649248079,1.09884264144471,85.3912582397461,83.75787468025683,75.80165822629132,78.73563499317133
270,1.1014853395504696,85.33690643310547,83.87628550162174,76.04284761620862,79.09577931876406,1.1107800945760757,84.87677764892578,83.35297414706965,75.56141117343462,78.43344695224748
271,1.104793946972573,85.02653503417969,83.4156580169687,74.87052133360456,78.12166400004298,1.1114169062395407,84.64176940917969,83.40800487474681,75.44769191699375,78.43990226186929
272,1.098450789359413,85.296630859375,84.35955666808937,76.5256107803099,79.57756978040345,1.095136765905512,85.60086059570312,84.41421143125758,75.98589667561603,79.12932504342942
273,1.0933802545386972,85.73019409179688,84.93529988458829,76.47649654257702,79.76134288879254,1.0913341395496352,85.57545471191406,84.07439544940135,76.22921536827583,79.01719203828102
274,1.0941260706031748,85.53829193115234,84.01594657430516,75.82000760740452,78.96819172537097,1.1029304081831521,85.32774353027344,83.04030133847294,75.6501509412068,78.4595510134698
275,1.0970001479637632,85.49327850341797,84.1263596905847,76.18933121628257,79.3189276859105,1.0874498125498857,85.76600646972656,82.74525711616957,76.65878379803114,78.89657028266106
276,1.0947068426715687,85.5217056274414,84.84003432662085,76.46217968747365,79.70242583643248,1.0995135108629863,85.3468017578125,83.05869205648862,77.10636586125412,79.36035153779899
277,1.090519483203324,85.67096710205078,84.40109166270925,76.79429912389733,79.77293969255075,1.087979007542618,85.42301940917969,83.3557347995127,76.0148044331263,78.63892928185386
278,1.0957774219863607,85.37718200683594,84.67549680827945,76.02410946060384,79.46319218819664,1.1018059059856384,85.1880111694336,83.98085605649796,76.04978995271351,78.9622303244052
279,1.0971846275929704,85.32979583740234,84.2143007791368,75.70854048899774,78.98272871825534,1.0900594382508983,85.7406005859375,84.83254513735437,76.77826414429164,79.85176499175756
280,1.0868794810509845,85.92684173583984,85.07979561528333,76.40253203330874,79.72789674030712,1.1099318469442971,85.23246765136719,83.01847347516951,75.8784185745234,78.56144543108607
281,1.08878100008744,85.6164779663086,83.7093080856702,76.26389247106268,79.18425591429988,1.1076424927488575,85.36585235595703,83.87119934830821,76.09443453518335,78.93626405205886
282,1.0927310750916477,85.53118133544922,84.06978568392144,76.21625047703189,79.38434482075772,1.092000361138243,85.3912582397461,83.84396377119674,75.78777499630337,78.56988159690529
283,1.0871373367544555,85.72545623779297,84.30218984166859,76.3147231476484,79.49253518652729,1.0913778636755982,85.550048828125,83.56289897537539,76.60574369449904,78.95195378465033
284,1.0860478587454245,85.9007797241211,84.94892630044505,76.92113652242367,79.98445308180922,1.09529505960825,85.34044647216797,83.63040482404908,75.89731270080644,78.68981995220537
285,1.0839091889599763,85.81311798095703,84.45823931326437,76.84169093774643,79.85360045400927,1.0908364308316534,85.49288940429688,84.33271161268937,77.11100234281878,79.74632317309519
286,1.088676185116251,85.78705596923828,84.0596147412674,75.95433620591284,79.14418219526857,1.096989186071768,85.51829528808594,83.91836428938336,76.8031959964889,79.47060548978307
287,1.0844239206635835,85.70413208007812,84.04992307030626,76.70669070847006,79.65727124131419,1.0899347327346725,85.65167999267578,84.03106250624504,77.15648874666866,79.6007522826002
288,1.085717686113758,85.77284240722656,84.88675780441957,76.85532611309755,80.08822209679106,1.0905864616719687,85.60086059570312,84.54989962677898,77.50327853755884,80.04067795430767
289,1.0858339659638077,85.87945556640625,84.22930210797516,76.89490328313792,79.82956139596249,1.091707652783006,85.59451293945312,83.8624241126908,76.90835561168352,79.5048623413428
290,1.081441014123921,86.19456481933594,85.33879430043265,76.99330359805515,80.12695031934477,1.0897742761829035,85.86128234863281,84.3399672259622,76.73032033265686,79.45363922873086
291,1.0912911334753579,85.48143005371094,84.07844279194961,76.64506940089417,79.68380993951962,1.0823898296046064,86.05182647705078,84.9410536820392,76.76554258826987,79.80107243392904
292,1.0810825800787236,85.95527648925781,85.34762412621052,77.84314951836305,80.8547732925154,1.0893050561833189,85.55640411376953,83.92332830622207,76.7465002166158,79.5520411192179
293,1.0893521150736487,85.71598052978516,84.97545859378015,76.798751838024,79.94197992375315,1.0907769433366574,85.63262176513672,84.31334496721618,76.33447533189381,79.01434145118603
294,1.0773713333395234,86.05477905273438,85.15217220822494,77.03935392080278,80.27761616697715,1.096608352491526,85.87398529052734,84.01223807432336,76.91468490627145,79.67199198225536
295,1.0795390681392592,86.07136535644531,85.0831841625078,76.85521826542272,80.06698692518857,1.0830504475085716,86.06452941894531,84.78104677376473,77.08183998427437,80.03168850499983
296,1.0820172613456993,85.97185516357422,84.29143140044154,76.28198352451831,79.47846433003721,1.0856418774379948,85.5119400024414,83.6771818861685,76.27205805803906,78.95374186442217
297,1.080236390876987,86.04056549072266,85.07049916780264,77.54061196480843,80.5168946352613,1.0776960497222297,86.1280517578125,84.77719199569906,76.33260428187559,79.37075014209911
298,1.088225095854102,85.7846908569336,84.60879022124045,76.45402347262846,79.63305197083847,1.0749979037337187,86.05818176269531,85.18244920557036,77.27946884695365,80.15417045826216
299,1.0866663516968647,85.88419342041016,84.83039968124518,76.45037411637708,79.67527396465185,1.0851780302156278,86.00736999511719,83.86613864369122,77.79639055200762,79.99337201822186
300,1.0781759842495922,86.16850280761719,85.62851011365673,77.22358176122216,80.54464087643157,1.0906193524114485,85.87398529052734,84.85047930073567,76.90592292978614,79.89437613333318
